asset,actual_lots,actual_notional,floating_pnl,n_positions,effective_weight_notional
ES,2.0,680137.5,13375.0,2.0,0.7034076312572525
NQ,0.0,0.0,0.0,0.0,0.0
RTY,1.0,131565.0,4310.0,1.0,0.13606634688774022
ZN,0.0,0.0,0.0,0.0,0.0
GC,0.0,0.0,0.0,0.0,0.0
SI,0.0,0.0,0.0,0.0,0.0
